{
    "num_hidden_layers": 10,
    "hidden_size": 16,
    "learning_rate": 0.0046484441935866405,
    "min_lr": 1.781054368678489e-05,
    "batch_size": 2048,
    "fourier_features": 9,
    "optimizer": "adam",
    "w_flame": 0.6768523299834314,
    "w_boundary": 0.033572214901002234,
    "w_deformation": 0.004320937131234543
}