{
    "num_hidden_layers": 5,
    "hidden_size": 256,
    "learning_rate": 0.0005752928352406232,
    "min_lr": 6.079299789748567e-08,
    "batch_size": 2048,
    "fourier_features": 8,
    "optimizer": "adam",
    "w_fixed": 2.0,
    "w_energy": 0.5
}